Sector_ES,Accidentes,Participacion_%_Accidentes,Ocupados,Tasa_Accidentabilidad_x_100k
"Actividades inmobiliarias, empresariales y de alquiler",28869,13.33,238037.0,12127.9
Otras actividades de servicios,13405,6.19,228662.0,5862.4
"Transporte, almacenamiento y comunicaciones",16272,7.51,399417.0,4073.9
Actividades de alojamiento y de servicio de comidas,14449,6.67,431949.0,3345.1
Construcción,22700,10.48,736060.0,3084.0
Administración pública y defensa,16660,7.69,574178.0,2901.5
Industria manufacturera,23100,10.66,872432.0,2647.8
"Agricultura, ganadería, silvicultura y pesca",15505,7.16,591906.0,2619.5
Organizaciones y órganos extraterritoriales,63,0.03,2919.0,2158.1
Actividades de atención de la salud humana y de asistencia social,13900,6.42,693828.0,2003.4
Enseñanza,14798,6.83,753829.0,1963.0
Comercio al por mayor y al por menor,29853,13.78,1790043.0,1667.7
Actividades financieras y de seguros,2662,1.23,192108.0,1385.7
Hogares privados con servicio doméstico,2927,1.35,275483.0,1062.5
"Suministro de electricidad, gas y agua",594,0.27,61866.0,960.1
Explotación de minas y canteras,890,0.41,285005.0,312.3
