Región,Accidentes,Participacion_%_Accidentes,Ocupados,Tasa_Accidentabilidad_x_100k
De Valparaíso,24788,11.44,915687.0,2707.0
De Metropolitana de Santiago,100344,46.32,4128461.0,2430.5
Del Libertador Gral. Bdo. O'higgins,10669,4.92,454878.0,2345.5
Del Biobío,16250,7.5,714580.0,2274.1
De La Araucanía,9511,4.39,433529.0,2193.9
De Los Ríos,3918,1.81,185053.0,2117.2
De Antofagasta,7132,3.29,342728.0,2080.9
De Atacama,3025,1.4,150557.0,2009.2
Del Maule,10532,4.86,529920.0,1987.5
De Coquimbo,6331,2.92,373087.0,1696.9
De Arica y Parinacota,1926,0.89,115110.0,1673.2
De Ñuble,3591,1.66,221444.0,1621.6
De Tarapacá,2963,1.37,191092.0,1550.6
